mobility	ccs	ccs_std	dft_energy
7517.335	157.6292	0.6813199	-1297.33925694362
