mobility	ccs	ccs_std	dft_energy
5360.847	118.6625	0.8243483	-558.266303068062
