mobility	ccs	ccs_std	dft_energy
10625.57	219.3034	0.9755792	-2100.644623991929
