mobility	ccs	ccs_std	dft_energy
7061.123	152.3073	1.024341	-683.627211455174
