mobility	ccs	ccs_std	dft_energy
5924.391	131.2997	0.8385926	-439.29901119676
