mobility	ccs	ccs_std	dft_energy
12525.46	258.2589	0.8338781	-2110.519635915353
