mobility	ccs	ccs_std	dft_energy
5724.711	126.7153	0.7047656	-475.615284815146
