mobility	ccs	ccs_std	dft_energy
7777.926	163.9829	0.726833	-1078.436545459699
