mobility	ccs	ccs_std	dft_energy
10124.23	209.5752	0.7520926	-1943.072929454639
