mobility	ccs	ccs_std	dft_energy
7999.742	168.709	0.9304198	-1077.506407194472
