mobility	ccs	ccs_std	dft_energy
7827.337	164.8856	0.7813808	-1164.991985446639
