mobility	ccs	ccs_std	dft_energy
8109.512	170.9203	0.7079646	-913.757075562203
