mobility	ccs	ccs_std	dft_energy
9776.226	202.8146	0.8225413	-1803.049632622426
