mobility	ccs	ccs_std	dft_energy
8861.353	185.1367	0.805462	-1330.555597048524
