mobility	ccs	ccs_std	dft_energy
8833.766	183.7574	0.76832	-1476.94321237861
