mobility	ccs	ccs_std	dft_energy
6936.345	148.7213	0.9021791	-687.752756319751
