mobility	ccs	ccs_std	dft_energy
7809.707	163.7601	1.009795	-1297.349103845687
