mobility	ccs	ccs_std	dft_energy
5363.167	118.7138	0.6632666	-558.270294120731
