mobility	ccs	ccs_std	dft_energy
11045.54	227.9714	0.6691228	-2100.660609325537
