mobility	ccs	ccs_std	dft_energy
7050.486	152.078	0.5878109	-683.631473866119
