mobility	ccs	ccs_std	dft_energy
5700.261	126.3332	0.5499122	-439.317462031709
