mobility	ccs	ccs_std	dft_energy
12650.98	260.8471	0.8077318	-2110.526601541951
