mobility	ccs	ccs_std	dft_energy
5792.531	128.2163	0.8573633	-475.617778621491
