mobility	ccs	ccs_std	dft_energy
7828.002	165.0388	0.8712134	-1078.442252570535
