mobility	ccs	ccs_std	dft_energy
10116.53	209.4156	1.072052	-1943.146430744101
