mobility	ccs	ccs_std	dft_energy
7937.388	167.3936	0.7538237	-1077.476944694676
