mobility	ccs	ccs_std	dft_energy
7847.26	165.3056	0.9527503	-1165.013890334757
