mobility	ccs	ccs_std	dft_energy
8356.398	176.1243	0.6182833	-913.768093020726
