mobility	ccs	ccs_std	dft_energy
9578.812	198.7191	0.8674921	-1803.07081700245
