mobility	ccs	ccs_std	dft_energy
6600.842	142.019	0.8937729	-740.152163708696
