mobility	ccs	ccs_std	dft_energy
7614.179	159.6598	0.6641565	-1297.346483271707
