mobility	ccs	ccs_std	dft_energy
11774.74	243.0215	0.6897175	-2100.514156016038
