mobility	ccs	ccs_std	dft_energy
5723.211	126.8416	0.6302887	-439.317464229562
