mobility	ccs	ccs_std	dft_energy
12931.43	266.6296	0.8107612	-2110.549517878159
