mobility	ccs	ccs_std	dft_energy
7853.633	165.5791	0.7588837	-1078.442267037112
