mobility	ccs	ccs_std	dft_energy
10407.59	215.4412	0.8956381	-1943.133776113144
