mobility	ccs	ccs_std	dft_energy
8030.455	169.3568	0.8028938	-1077.514430231084
