mobility	ccs	ccs_std	dft_energy
7848.35	165.3285	0.8033435	-1165.013909452861
