mobility	ccs	ccs_std	dft_energy
8313.506	175.2202	0.6377528	-913.767782678623
