mobility	ccs	ccs_std	dft_energy
9765.64	202.595	0.7914679	-1803.073299978324
