mobility	ccs	ccs_std	dft_energy
9194.804	192.1038	1.274537	-1330.547406353607
