mobility	ccs	ccs_std	dft_energy
8777.427	182.5856	0.7044189	-1476.938950998862
