mobility	ccs	ccs_std	dft_energy
6958.224	149.1905	0.4889973	-687.752176328609
