mobility	ccs	ccs_std	dft_energy
7874.569	165.1201	0.4460074	-1297.32634508399
