mobility	ccs	ccs_std	dft_energy
5408.959	119.7275	0.834055	-558.270318824243
