mobility	ccs	ccs_std	dft_energy
6993.61	150.8513	0.8713813	-683.631475338921
