mobility	ccs	ccs_std	dft_energy
5703.57	126.4064	0.7391722	-439.317461969858
