mobility	ccs	ccs_std	dft_energy
15094.41	310.4125	1.062049	-2449.569021775419
