mobility	ccs	ccs_std	dft_energy
12657.28	260.9773	0.698609	-2110.529559220703
