mobility	ccs	ccs_std	dft_energy
5779.972	127.9384	0.5975362	-475.617779264264
