mobility	ccs	ccs_std	dft_energy
7882.417	166.1861	0.8758092	-1078.438457551123
