mobility	ccs	ccs_std	dft_energy
10437.38	216.058	0.5789718	-1943.121769703106
