mobility	ccs	ccs_std	dft_energy
8079.408	170.3885	0.7771306	-1077.476156501187
