mobility	ccs	ccs_std	dft_energy
7900.394	166.4243	1.055299	-1165.011404032473
