mobility	ccs	ccs_std	dft_energy
8841.546	186.3501	0.5691114	-913.760429498004
