mobility	ccs	ccs_std	dft_energy
9702.033	201.2757	0.7729189	-1803.074153454663
