mobility	ccs	ccs_std	dft_energy
6623.044	142.4965	0.8443012	-740.150196218646
