mobility	ccs	ccs_std	dft_energy
9030.149	188.1639	0.5369353	-1476.915364888562
