mobility	ccs	ccs_std	dft_energy
4423.208	99.59271	0.7316395	-558.266297610947
