mobility	ccs	ccs_std	dft_energy
12253.62	252.8743	0.9403719	-2110.493673008113
