mobility	ccs	ccs_std	dft_energy
10452.83	216.6385	1.064225	-1943.099455814147
