mobility	ccs	ccs_std	dft_energy
7800.113	164.8777	0.9399514	-1164.99193362209
