mobility	ccs	ccs_std	dft_energy
9701.966	201.5607	0.8906722	-1803.042825177571
