mobility	ccs	ccs_std	dft_energy
5645.172	122.4155	0.9719459	-740.141532115735
