mobility	ccs	ccs_std	dft_energy
8807.26	183.5203	0.7132723	-1476.94321237861
