mobility	ccs	ccs_std	dft_energy
4356.541	98.09234	0.7305814	-558.270294120731
