mobility	ccs	ccs_std	dft_energy
12506.85	258.1005	0.9114463	-2110.526601541951
