mobility	ccs	ccs_std	dft_energy
10255.91	212.558	1.194598	-1943.146430744101
