mobility	ccs	ccs_std	dft_energy
7613.114	160.9258	0.8989129	-1165.013890334757
