mobility	ccs	ccs_std	dft_energy
9527.74	197.9416	0.756517	-1803.07081700245
