mobility	ccs	ccs_std	dft_energy
5616.788	121.8008	0.8888266	-740.152163708696
