mobility	ccs	ccs_std	dft_energy
8827.936	183.6362	0.5274596	-1476.915343339062
