mobility	ccs	ccs_std	dft_energy
6958.764	149.2019	0.875203	-687.750538578005
