mobility	ccs	ccs_std	dft_energy
6480.143	139.4221	0.9531649	-740.141497572833
