mobility	ccs	ccs_std	dft_energy
8723.845	182.2638	0.8900973	-1330.545447972065
