mobility	ccs	ccs_std	dft_energy
8789.16	182.8294	0.5931354	-1476.915364888564
