mobility	ccs	ccs_std	dft_energy
6958.219	149.1902	0.887654	-687.750537782332
