mobility	ccs	ccs_std	dft_energy
7741.296	162.3255	0.8876408	-1297.343434978482
