mobility	ccs	ccs_std	dft_energy
5345.044	118.3127	0.6719282	-558.266297610946
