mobility	ccs	ccs_std	dft_energy
10613.51	219.0543	0.7501452	-2100.644610644359
