mobility	ccs	ccs_std	dft_energy
7056.891	152.216	0.560647	-683.627223370397
