mobility	ccs	ccs_std	dft_energy
5716.638	126.6952	0.7264128	-439.297589528313
