mobility	ccs	ccs_std	dft_energy
12391.87	255.5043	0.80765	-2110.493673008106
