mobility	ccs	ccs_std	dft_energy
5719.155	126.5921	0.8140178	-475.61528009098
