mobility	ccs	ccs_std	dft_energy
7754.056	163.4798	0.9155307	-1078.436545711584
