mobility	ccs	ccs_std	dft_energy
9925.303	205.457	1.06334	-1943.099455814146
