mobility	ccs	ccs_std	dft_energy
7793.92	164.3679	0.6468113	-1077.464392269265
