mobility	ccs	ccs_std	dft_energy
7812.999	164.5837	1.044082	-1164.991933622091
