mobility	ccs	ccs_std	dft_energy
8071.346	170.1162	0.5982178	-913.757942132458
