mobility	ccs	ccs_std	dft_energy
9566.909	198.472	0.8529374	-1803.042825177569
