mobility	ccs	ccs_std	dft_energy
6491.027	139.6562	0.8712082	-740.141532115819
